keyword,competition,lower_bid,upper_bid,CPC
fibra futbol,58,0.51,2.07,1.45
fibra granada,54,0.83,3.26,1.64
fibra hogar,62,1.45,4.65,2.41
fibra internet,66,0.96,3.46,1.71
fibra internet barata,66,0.83,3.1,1.84
fibra internet casa,67,1.25,3.98,2.24
fibra internet mas barata,52,0.77,2.8,1.24
fibra internet ofertas,63,0.89,2.9,1.73
fibra internet sin permanencia,53,1.36,3.46,2.42
fibra leon,45,0.8,3.05,2.01
fibra madrid,51,0.82,2.57,1.77
fibra malaga,4,0.1,1.7,0.49
fibra mallorca,67,1.32,3.54,1.91
fibra mas 2 lineas movil,63,1.17,2.98,1.65
fibra mas 3 lineas movil,61,1.05,2.54,1.86
fibra mas 3 lineas moviles,64,0.52,2.08,1.86
fibra mas 4 lineas moviles,65,1.0,2.72,1.39
fibra mas barata,63,0.66,2.54,1.07
fibra más barata,63,0.66,2.53,1.07
fibra mas barata 2023,39,1.02,2.52,1.1
fibra más barata 2023,39,1.02,2.53,1.04
fibra mas barata canarias,60,0.47,2.16,1.13
fibra mas barata españa,62,0.58,2.19,0.94
fibra mas barata madrid,63,0.65,2.42,1.12
fibra más barata sin permanencia,65,1.05,2.31,1.23
fibra mas barato,63,0.66,2.54,1.32
fibra mas dos lineas movil,64,0.91,3.44,1.64
fibra mas dos lineas moviles,64,0.91,3.44,1.37
fibra mas economica,65,0.67,2.21,1.43
fibra mas fijo,63,0.74,2.26,1.36
fibra más fijo,63,0.74,2.25,1.36
fibra mas fijo mas movil,46,1.19,1.34,1.3
fibra mas futbol,60,0.67,2.17,1.26
fibra mas linea movil,65,1.27,3.28,1.92
fibra mas movil,62,1.04,2.68,1.59
fibra más movil,62,1.04,2.67,1.59
fibra más móvil,62,1.04,2.68,1.59
fibra mas movil barato,63,1.14,2.67,1.63
fibra más móvil datos ilimitados,66,0.82,2.5,1.02
fibra mas movil mas barata,63,0.91,2.65,1.3
fibra mas movil mas barato,63,0.92,2.66,1.3
fibra más móvil más barato,63,0.92,2.66,1.3
fibra mas movil mas netflix,66,0.98,2.21,1.3
fibra mas movil mas tv,64,1.18,3.24,1.4
fibra mas movil movistar,30,0.34,1.25,0.83
fibra más móvil movistar,30,0.34,1.25,0.83
fibra mas movil ofertas,60,1.18,2.54,1.54
fibra mas movil opiniones,28,1.18,1.19,0.86
fibra mas netflix,59,0.62,2.29,1.18
fibra mas television,63,0.65,3.04,1.21
fibra mas tres lineas movil,58,0.76,2.54,1.27
fibra mas tv,63,0.65,3.04,1.58
fibra másmóvil,47,1.19,1.65,1.41
fibra mejor precio,52,0.75,2.77,1.3
fibra mobil,66,1.18,3.7,1.86
fibra movil,62,1.07,3.13,1.56
fibra móvil,62,1.07,3.13,1.56
fibra movil barato,63,0.98,3.45,1.6
fibra movil fijo,60,0.85,2.35,1.25
fibra movil mas barata,65,1.1,2.96,1.39
fibra movil mas barato,65,1.09,2.94,1.42
fibra movil masmovil,49,1.18,1.2,1.3
fibra movil movistar,39,0.27,0.99,0.54
fibra movil netflix,57,0.65,2.45,1.17
fibra movil oferta,61,0.98,2.99,1.64
fibra movil ofertas,61,0.98,2.99,1.46
fibra móvil orange,44,0.71,4.47,1.49
fibra movil television,63,0.74,3.05,1.47
fibra movil tv,63,0.74,3.06,1.25
fibra movil tv comparador,62,0.76,3.13,1.2
fibra movil tv orange,38,0.65,6.02,1.06
fibra móvil tv sin permanencia,53,0.98,2.97,1.48
fibra móvil y fijo,60,0.69,2.32,1.2
fibra movil y fijo mas barato,57,0.89,2.38,0.94
fibra movil y futbol,60,0.6,2.37,1.32
fibra movil y netflix,59,0.69,1.99,1.26
fibra móvil y netflix,59,0.7,2.0,1.34
fibra movil y television,63,0.74,3.04,1.25
fibra movil y tv,63,0.74,3.06,1.25
fibra móvil y tv,63,0.74,3.06,1.47
fibra movil y tv mas barato,65,1.03,3.3,1.63
fibra movil y tv movistar,33,0.18,1.19,0.76
fibra móvil y tv movistar,33,0.18,1.19,0.76
fibra movil y tv ofertas,64,0.77,3.05,1.38
fibra moviles,62,1.06,3.12,1.56
fibra movistar oferta,35,0.44,2.17,0.71
fibra movistar ofertas,35,0.44,2.17,0.71
fibra movistar tarifas,30,0.49,1.98,0.79
fibra murcia,45,0.64,2.3,0.96
fibra netflix,52,0.56,2.72,0.99
fibra network,45,0.56,2.18,1.34
fibra oferta,61,0.76,2.59,1.27
fibra ofertas,61,0.75,2.58,1.27
fibra ofertas sin permanencia,58,1.13,4.08,2.13
fibra opitca,30,0.0,0.0,1.39
fibra optica,82,0.76,2.97,1.39
fibra óptica,82,0.76,2.97,1.39
fibra 1g,70,0.96,2.67,1.45
fibra 1gb,65,0.76,2.73,1.24
fibra 1gb más barata,64,0.74,2.19,1.17
fibra 1gb mas movil,63,1.15,1.9,1.34
fibra 2 lineas movil,58,0.76,2.65,1.15
fibra 2 lineas movil comparador,59,0.63,2.52,0.94
fibra 2 lineas movil datos ilimitados,58,0.77,2.09,0.93
fibra 2 lineas movil futbol,59,0.62,2.53,1.11
fibra 2 lineas movil mas baratas,59,0.76,2.2,1.16
fibra 2 líneas móvil más baratas,59,0.76,2.19,1.16
fibra 2 lineas movil masmovil,58,1.18,1.2,0.72
fibra 2 lineas movil movistar,41,0.3,0.99,0.53
fibra 2 lineas movil tv,60,0.65,2.53,1.09
fibra 2 líneas móvil tv,60,0.65,2.53,1.09
fibra 2 lineas moviles,66,0.81,2.66,1.47
fibra 2 movil,63,0.72,2.19,1.37
fibra 2 moviles,63,0.72,2.19,1.37
fibra 2 residencia,56,0.58,1.99,0.75
fibra 20 euros,58,0.75,2.65,1.13
fibra 3 lineas movil datos ilimitados,54,0.67,2.1,0.95
fibra 300,57,0.64,2.02,1.18
fibra 300 mb,56,0.58,2.02,0.92
fibra 300 mb barata,64,0.66,2.23,0.94
fibra 300 mb que significa,14,0.39,0.9,0.74
fibra 300 mb sin permanencia,56,1.06,2.62,2.01
fibra 4 lineas movil,63,0.79,2.39,1.52
fibra 600 mb 2 lineas movil,60,0.98,2.54,1.1
fibra 600 mb más barata,57,0.68,2.1,0.89
fibra 600 mb movistar opiniones,11,1.09,1.88,0.67
fibra a casa,48,1.54,4.68,1.54
fibra adsl,50,0.78,3.01,1.49
fibra al mejor precio,52,0.75,2.77,1.51
fibra alicante,38,0.95,3.05,1.68
fibra asturias,47,0.76,2.8,1.5
fibra autonomos,64,1.67,6.08,2.45
fibra barata,61,0.79,2.77,1.32
fibra barata barcelona,66,0.69,2.46,1.52
fibra barata en casa,68,0.93,3.28,1.66
fibra barata españa,49,0.81,2.94,1.14
fibra barata madrid,62,0.65,2.44,1.21
fibra barata sin fijo,61,0.68,2.29,1.01
fibra barata sin permanencia,60,0.84,2.84,1.37
fibra barata valencia,63,0.72,2.02,1.1
fibra casa,64,1.0,4.27,1.54
fibra casa barata,64,0.73,2.52,1.62
fibra cobertura,55,0.59,2.75,1.24
fibra cobertura movistar,25,0.47,2.67,1.83
fibra con fijo,64,0.63,2.62,1.2
fibra con netflix,59,0.85,2.97,1.32
fibra con netflix gratis,52,0.66,2.18,1.23
fibra con telefonica,48,1.12,2.74,1.37
fibra contratar,63,1.63,5.65,2.64
fibra correos,27,0.66,2.08,1.21
fibra de 1gb,71,0.76,2.18,1.12
fibra de internet,77,1.42,4.64,2.0
fibra dos lineas movil,61,0.73,2.49,1.27
fibra dos moviles,59,0.6,2.22,1.16
fibra economica,63,1.11,3.06,1.67
fibra elche,42,0.67,2.33,1.5
fibra empresas,60,2.45,6.93,3.92
fibra en casa,64,1.01,4.29,2.07
fibra en casa barata,64,1.14,4.58,1.76
fibra en casa ofertas,64,0.89,4.35,2.14
fibra en casa sin permanencia,60,1.17,3.94,2.01
fibra en españa,50,1.15,3.28,1.67
fibra en madrid,51,0.82,2.57,1.77
fibra en mi zona,60,0.92,3.7,1.88
fibra en valladolid,32,1.0,4.76,1.3
fibra espana,57,1.2,3.4,2.42
fibra españa,50,1.15,3.27,1.67
fibra estudiantes sin permanencia,50,0.61,2.09,1.17
fibra fijo 2 lineas movil,54,0.54,2.09,0.9
fibra fijo 2 lineas movil comparador,53,0.52,1.73,0.9
fibra fijo 2 lineas movil masmovil,41,0.83,1.19,1.05
fibra fijo 2 lineas movil movistar,32,0.23,0.99,0.49
fibra fijo 2 lineas movil orange,14,0.36,1.4,1.31
fibra fijo 2 lineas movil vodafone,23,0.29,1.16,0.64
fibra fijo 2 moviles,57,0.59,2.18,1.0
fibra fijo 3 lineas movil,47,0.59,2.09,0.94
fibra fijo 3 lineas movil tv,57,0.72,2.1,0.98
fibra fijo 4 lineas movil,51,0.52,2.09,1.01
fibra fijo 4 líneas móvil,51,0.52,2.08,1.01
fibra fijo movil,61,0.63,2.12,1.06
fibra fijo ofertas,58,0.72,2.34,1.15
fibra fijo y 2 moviles,57,0.59,2.18,1.0
fibra fijo y movil,61,0.63,2.13,1.06
fibra fijo y móvil,61,0.63,2.13,1.06
fibra fijo y movil mas barato,71,0.63,2.5,0.93
elegir numero móvil prepago,0,0.0,0.0,0.42
elegir número móvil prepago,43,0.34,1.02,0.54
email atencion al cliente orange,3,0.0,0.0,0.58
empresa de telefonia movil,54,1.11,4.21,1.89
empresa movil,56,1.58,5.21,2.57
empresa telefonia,41,1.1,4.17,2.39
empresa telefonia movil,62,2.08,6.77,2.48
empresas de fibra optica,34,0.84,3.07,1.83
empresas de fibra óptica,34,0.84,3.06,1.83
empresas de internet en españa,55,1.04,4.57,2.16
empresas de telefonia baratas,14,1.04,3.08,1.82
empresas de telefonia e internet en españa,64,0.51,2.51,2.43
empresas fibra,49,2.06,5.94,3.13
empresas internet,52,1.75,5.58,3.16
empresas movil,56,1.58,5.22,2.57
empresas moviles,56,1.58,5.22,2.57
empresas telefonia,41,1.1,4.18,2.52
empresas telefonía,41,1.1,4.18,2.39
empresas telefonia españa,52,1.18,5.14,2.17
empresas telefonicas,14,1.46,5.25,2.22
empresas telefónicas,14,1.46,5.26,2.39
encontrar mi movil con el numero de telefono gratis,57,0.22,0.7,0.3
eres rebajas,100,0.19,0.87,0.36
es gratis el telefono 900,0,2.12,5.74,2.94
es necesario tener telefono fijo para tener fibra optica,14,0.58,1.98,1.08
es necesario tener teléfono fijo para tener fibra óptica,14,0.58,1.98,1.08
esim barcelona,58,0.96,3.62,1.9
esim contratar,76,0.59,1.99,0.96
esim espana,100,0.74,2.23,1.33
esim españa,98,0.54,2.0,0.92
esim españa online,100,0.55,1.81,0.81
esim gratis españa,74,0.33,0.68,0.42
esim madrid,57,1.35,3.9,2.32
esim mas movil,29,0.54,1.17,0.64
esim multisim,77,0.52,2.67,0.75
esim orange precio,62,0.37,0.74,0.53
esim precio,79,0.35,0.6,0.46
esim prepago españa,97,0.33,1.0,0.53
esim prepago online,100,0.52,1.28,0.74
esim spain,100,0.92,2.9,1.5
espana internet,33,0.9,2.98,1.85
españa internet,23,1.4,2.53,1.28
españa movil,35,0.42,1.4,0.68
españa numero de telefono,4,0.33,0.54,0.35
estado portabilidad digi,12,0.24,0.45,0.26
eu roaming,6,0.28,1.77,0.8
factura mas movil,1,0.0,0.0,0.48
factura orange online,2,0.1,0.48,0.21
factura telefonica,0,0.19,7.33,2.13
facturas moviles,4,0.0,0.0,1.03
facturas telefonica,0,0.19,7.33,2.13
fi network barcelona,15,0.51,1.58,0.7
fibra,77,0.75,2.96,1.37
fibra 1 gb mas barata,70,0.81,2.18,1.3
fibra 1 giga,63,0.7,2.09,2.02
fibra 10 gb,67,0.64,2.1,1.1
fibra 100 mb,48,0.52,1.99,0.93
fibra 100 mb más barata,61,0.62,2.09,0.92
fibra 10gb,67,0.64,2.1,1.02
fibra 10gb movistar,26,1.09,1.78,0.9
datos extranjero,22,0.36,1.35,0.56
datos fuera de españa,4,0.0,0.0,0.3
datos ilimitados,63,0.45,1.98,0.75
datos ilimitados barato,68,0.59,2.66,0.81
datos ilimitados españa,60,0.43,1.99,0.86
datos ilimitados mas movil,44,0.64,2.05,0.45
datos ilimitados masmovil,40,0.57,0.65,0.67
datos ilimitados movil,68,0.52,2.09,0.78
datos ilimitados móvil,68,0.51,2.08,0.78
datos ilimitados movil ofertas,71,0.68,4.0,1.23
datos ilimitados ofertas,65,0.59,2.56,1.02
datos ilimitados precio,46,0.41,2.06,0.68
datos ilimitados prepago,90,0.24,0.96,0.53
datos ilimitados roaming,50,0.32,1.03,0.46
datos ilimitados sin permanencia,57,0.68,2.53,0.99
datos ilimitados tarifa,63,0.52,2.38,0.86
datos ilimitados tarifas,63,0.52,2.38,0.91
datos ilimitados y fibra,60,0.94,2.81,1.84
datos ilimitados y llamadas ilimitadas,73,0.58,2.35,1.22
datos infinitos,55,0.5,2.07,0.87
datos mas movil,40,0.64,2.08,0.95
datos movil,15,0.5,2.09,0.84
datos móvil,15,0.5,2.09,0.84
datos movil ilimitados,68,0.51,2.08,0.78
datos moviles,15,0.5,2.09,0.84
datos móviles,15,0.5,2.09,0.84
datos moviles andorra,19,2.18,9.04,1.47
datos moviles en andorra,15,1.47,7.08,0.86
datos móviles en andorra,15,1.47,7.08,0.86
datos moviles en egipto,31,0.17,1.15,0.15
datos moviles en el extranjero,31,0.36,1.43,0.46
datos moviles en estados unidos,68,0.31,2.35,0.58
datos moviles en londres,8,0.41,1.48,0.46
datos moviles en marruecos,34,0.28,1.79,0.61
datos moviles en portugal,4,0.0,0.0,1.3
datos moviles en suiza,34,0.55,3.16,0.76
datos móviles gratis,17,0.4,1.11,0.71
datos móviles ilimitados,68,0.52,2.09,0.78
datos moviles londres,11,0.9,1.71,0.54
datos moviles marruecos,35,0.39,1.72,0.58
datos moviles reino unido,12,0.72,1.35,0.56
datos moviles suiza,43,0.87,4.37,1.09
datos prepago,98,0.4,1.2,0.67
datos y llamadas ilimitadas,60,0.76,2.68,1.29
datos y llamadas ilimitadas ofertas,67,0.59,2.52,1.19
de móvil,97,0.52,2.13,1.02
de que operador es un numero,3,0.14,0.44,0.15
diferencia entre fibra smart y fibra,10,0.52,2.29,1.15
diferencia entre fibra y fibra smart,14,0.5,2.12,0.98
digi cambiar tarifa,16,0.3,0.91,0.37
digi dar de baja fibra,6,0.16,0.85,0.33
digi llamadas wifi,2,0.41,0.9,0.67
digi mobil portabilidad,40,0.72,2.69,1.29
digi movil recarga,55,0.02,0.23,0.08
digi movil roaming,12,0.07,0.28,0.16
digi regala movil,20,0.32,0.71,0.51
digi roaming europa,12,0.06,0.18,0.11
digi soy cliente,17,0.12,0.44,0.15
dinero moviles,15,0.3,1.86,1.32
distribuidor movistar,8,1.24,1.99,1.93
distribuidores movistar,5,1.29,2.21,2.3
donde comprar sim card en madrid,47,0.28,1.03,0.76
donde comprar tarjeta prepago movil,96,0.28,1.18,0.6
donde comprar tarjeta sim prepago madrid,49,0.37,0.91,0.67
dos lineas movil y fibra,62,0.73,2.49,1.47
dos lineas moviles datos ilimitados,69,0.48,1.95,1.33
duplicado sim orange,4,0.41,1.31,0.64
duplicado tarjeta o2,4,4.94,4.97,5.44
duplicado tarjeta orange,2,0.37,2.62,0.65
duplicado tarjeta sim orange,3,0.41,1.31,0.72
el 900 es gratuito,0,1.02,5.49,1.85
el 900 es un teléfono gratuito,1,0.0,0.0,4.21
el adsl mas barato,37,0.84,2.53,3.23
el numero 900 es gratuito,0,1.2,3.84,2.25
el número de atención al cliente de vodafone,11,2.56,2.59,2.82
el número de vodafone atención al cliente,11,2.56,2.59,2.82
el número gratuito de vodafone,46,0.69,2.58,1.17
el teléfono 900 es gratuito,0,1.96,4.74,2.52
el teléfono de atención al cliente de vodafone,10,2.57,2.59,3.13
elegir movil,89,0.13,0.43,0.31
elegir número móvil españa,21,0.23,1.09,0.36
contrato móviles,93,1.37,4.41,2.14
contrato moviles movistar,89,0.38,1.79,0.57
contrato telefonia,56,1.32,4.19,1.83
contrato telefono fijo,58,0.42,1.79,1.15
contrato telefono movil,70,1.32,3.23,1.96
contrato wifi,63,1.31,4.56,2.52
contratos de movil,68,0.76,4.58,1.84
contratos de moviles,97,1.3,4.08,1.86
contratos movil,93,1.37,4.41,2.14
contratos moviles,93,1.37,4.41,2.02
contratos moviles baratos,75,1.11,3.33,1.79
contratos movistar movil,41,0.34,1.66,0.42
contratos movistar movil tarifas,23,0.41,1.7,0.49
correos fibra,38,0.92,2.09,1.64
coste llamada 900,0,0.66,2.97,1.31
coste numero 900,1,2.96,5.5,2.14
coste sms,3,0.0,0.0,0.95
coste teléfono 900,2,0.93,4.51,2.18
covertura 5g,16,0.42,1.75,0.77
covertura 5g movistar,11,1.09,2.57,2.61
covertura fibra,55,0.59,2.76,0.97
covertura movil,13,0.42,1.55,0.77
cual es el mejor internet de españa,51,0.53,2.77,1.05
cuál es el número de atención al cliente de orange,28,0.17,0.74,0.76
cuál es el número de atención al cliente de vodafone,8,2.57,2.59,2.82
cuál es el número de orange,30,0.55,1.66,0.73
cuál es el teléfono de atención al cliente de orange,26,0.14,0.65,0.77
cuál es el teléfono de atención al cliente de vodafone,7,2.57,2.59,3.66
cual es la compañia de internet mas barata,60,0.55,2.19,1.37
cuál es la compañía de internet más barata,56,0.55,7.01,2.07
cual es la compañia de movil mas barata,59,1.09,3.33,1.22
cual es la compañía de telefonía mas barata,56,0.85,3.6,1.48
cual es la compañia de telefono mas barata,58,0.86,2.97,1.5
cual es la compañia mas barata de fibra y movil,60,0.81,3.48,1.23
cual es la compañia mas barata de internet,60,0.55,2.19,1.4
cual es la compañia telefonica mas barata,59,0.6,2.88,0.99
cual es la mejor compañia de fibra y movil,63,0.57,2.48,1.29
cual es la mejor compañia de internet en españa,49,0.74,2.74,1.3
cual es la mejor compañía de internet en españa,49,0.74,2.74,1.3
cual es la mejor compañía de internet móvil en españa,51,0.76,3.67,1.0
cual es la mejor compañia de telefono,50,0.54,2.74,1.2
cual es la mejor compañia telefonica en españa,52,0.57,2.9,1.1
cual es la mejor fibra de españa,53,0.51,2.71,0.98
cual es la mejor fibra optica,53,0.54,2.44,1.28
cual es la mejor oferta de fibra y movil,71,0.95,2.72,1.53
cual es la mejor oferta de telefonia e internet,63,0.97,3.55,1.0
cual es la tarifa de movil mas barata,57,0.74,2.32,1.09
cual es la telefonia mas barata en españa,55,0.87,3.26,1.21
cual es la telefonía más barata en españa,55,0.87,3.27,1.21
cuanta velocidad de fibra necesito,15,0.49,1.54,0.76
cuanto cuesta el wifi al mes,29,0.41,1.19,0.65
cuanto cuesta internet en casa,44,0.31,1.38,0.68
cuanto cuesta poner internet en casa,42,0.34,1.81,0.83
cuanto cuesta poner wifi en casa,68,0.33,2.12,0.67
cuanto cuesta un movil,100,0.11,2.68,0.47
cuánto cuesta un móvil,100,0.11,2.68,0.47
cuanto cuesta una linea de movil,49,0.37,1.72,0.72
cuanto cuesta una tarjeta sim en españa,37,0.16,0.44,0.28
cuanto cuestan los datos ilimitados,30,0.37,1.41,0.6
cuanto es 1gb de internet,4,0.5,1.51,1.06
cuanto me dan por mi movil,45,0.08,0.57,0.36
cuanto se tarda en hacer una portabilidad,3,1.0,2.2,1.72
cuanto tarda la portabilidad,4,0.9,2.87,1.82
cuanto tarda la portabilidad a digi,6,0.74,2.86,1.32
cuanto tarda portabilidad,4,0.91,2.88,1.82
cuanto tarda portabilidad a digi,7,0.81,2.18,1.12
cuanto tarda portabilidad digi,7,0.8,2.38,1.15
cuanto tarda una portabilidad,4,0.9,2.87,1.5
cuanto tarda una portabilidad a digi,5,1.04,2.32,1.57
cuanto tarda una portabilidad a yoigo,29,0.49,2.67,1.16
cuanto vale un movil,100,0.45,2.67,0.6
cuanto vale una tarjeta sim prepago,97,0.16,0.46,0.24
darse de alta en orange,37,0.72,2.97,2.13
darse de alta movistar,32,0.46,1.98,1.04
darse de baja fibra orange,1,0.0,0.0,0.28
datos de itinerancia,0,0.6,2.78,1.09
datos en el extranjero,22,0.36,1.35,0.44
datos en roaming,5,0.45,2.57,0.35
contratar fibra con movistar,38,0.67,5.2,1.43
contratar fibra en casa,66,1.33,5.89,2.55
contratar fibra movil,63,1.86,4.93,3.48
contratar fibra movistar,38,0.67,5.2,1.43
contratar fibra online,57,4.99,23.68,12.4
contratar fibra optica,46,1.85,6.15,3.44
contratar fibra por meses,58,0.49,1.97,1.29
contratar fibra sin permanencia,67,1.6,5.56,3.91
contratar fibra solo,52,0.65,2.57,1.11
contratar fibra y movil,63,1.87,4.95,2.7
contratar futbol,34,0.4,1.9,0.87
contratar fútbol,34,0.39,1.9,1.04
contratar futbol en casa,32,0.33,1.3,0.81
contratar futbol movistar sin ser cliente,11,0.35,1.78,0.7
contratar fútbol movistar sin ser cliente,11,0.35,1.78,0.7
contratar futbol online,31,0.43,1.37,1.14
contratar fútbol online,31,0.43,1.37,1.14
contratar futbol sin operador,28,0.29,1.34,0.86
contratar fútbol sin operador,28,0.29,1.34,0.66
contratar internet,61,1.69,6.15,2.79
contratar internet barato,56,1.23,3.89,2.32
contratar internet casa,64,1.54,6.68,2.9
contratar internet en casa,64,1.54,6.68,2.9
contratar internet en casa barato,58,0.99,5.32,2.89
contratar internet en casa movistar,45,0.8,2.59,1.03
contratar internet en casa sin permanencia,47,1.46,5.08,2.48
contratar internet online,59,4.61,13.62,7.69
contratar internet orange,39,0.72,49.4,1.44
contratar internet sin permanencia,48,0.88,3.2,2.9
contratar internet solo con pasaporte,61,0.99,4.49,2.5
contratar internet y movil,65,1.64,5.42,2.86
contratar línea de móvil,63,2.18,7.83,3.34
contratar linea fija,64,1.04,4.02,1.44
contratar linea movil,65,2.19,8.23,3.48
contratar linea movil barata,67,1.4,3.79,3.64
contratar linea movil con terminal,72,1.9,5.78,3.86
contratar lineas moviles,59,2.12,8.62,6.51
contratar movil,93,1.37,4.39,2.02
contratar movistar fibra,38,0.67,5.17,1.52
contratar movistar la liga sin ser cliente,13,0.34,2.74,0.93
contratar movistar tv sin ser cliente,2,0.45,1.55,1.77
contratar numero nuevo de movil,63,1.71,4.36,2.99
contratar online,46,2.98,14.62,5.46
contratar orange,40,0.72,5.64,1.79
contratar orange fibra,37,0.79,70.8,1.32
contratar orange online,48,0.79,17.32,2.88
contratar orange telefono,35,0.55,8.27,1.28
contratar solo fibra,52,0.64,2.56,1.11
contratar solo fibra en casa,61,0.69,2.78,1.17
contratar solo fibra movistar,46,0.49,3.27,0.62
contratar solo fibra sin permanencia,65,0.95,3.01,2.35
contratar solo fijo,56,0.54,2.8,1.11
contratar solo futbol sin internet,17,0.26,1.02,0.94
contratar solo fútbol sin internet,17,0.26,1.02,0.51
contratar solo internet,53,0.61,2.43,0.93
contratar solo internet en casa,56,0.55,2.33,1.1
contratar solo linea movil,66,0.76,2.45,1.67
contratar solo telefono fijo,45,0.41,1.89,0.99
contratar solo tv online,24,0.3,0.74,0.55
contratar solo tv sin internet,8,0.18,0.83,0.39
contratar solo wifi,60,0.76,2.37,1.25
contratar tarifa movil,59,1.17,4.74,2.34
contratar telefonia,55,2.11,5.15,4.34
contratar telefonia fija,56,0.59,2.65,1.26
contratar telefonia movil,63,2.07,4.85,3.12
contratar telefonica,42,1.78,7.15,1.47
contratar telefono,55,2.11,5.15,4.34
contratar telefono fijo,56,0.6,2.66,1.26
contratar telefono fijo solo,45,0.41,1.89,0.99
contratar telefono movil,63,2.07,4.83,3.4
contratar television,39,0.35,1.29,0.71
contratar una linea movil,62,1.73,6.83,3.18
contratar vodafone online,41,0.96,4.22,1.73
contratar wifi,63,1.35,5.33,2.61
contratar wifi barato,60,0.84,3.55,2.03
contratar wifi casa,69,1.14,5.87,2.17
contratar wifi en casa,69,1.14,5.87,2.17
contratar wifi madrid,64,2.24,5.37,1.62
contratar wifi sin permanencia,58,1.46,5.67,2.5
contrato adsl,36,0.0,0.0,3.97
contrato con movil,93,1.37,4.41,2.02
contrato datos ilimitados,59,0.66,2.63,1.34
contrato de movil,97,1.3,4.08,1.84
contrato de moviles,68,0.76,4.56,1.86
contrato fibra,55,1.5,5.95,2.99
contrato infinito,17,0.91,2.08,1.36
contrato internet,61,1.69,6.15,2.41
contrato linea movil,57,2.18,5.43,3.12
contrato mas movil,37,0.65,5.97,4.06
contrato movil,93,1.37,4.41,2.02
contrato móvil,93,1.37,4.41,2.02
contrato movil barato,75,1.11,3.33,1.79
contrato movil con terminal,96,1.28,3.89,2.29
contrato móvil con terminal,96,1.28,3.89,2.29
contrato movil datos ilimitados,63,0.76,2.82,1.34
contrato movil mas barato,58,0.97,3.26,1.5
contrato movil movistar,89,0.38,1.79,0.42
comprobar cobertura movil,17,0.39,1.74,0.61
comprobar cobertura móvil,17,0.39,1.75,0.61
comprobar cobertura movil en mi zona,18,0.4,0.95,0.56
comprobar cobertura movistar fibra,19,0.53,3.18,1.51
comprobar cobertura orange fibra,35,0.7,6.03,1.76
comprobar cobertura r,26,0.49,2.48,1.23
comprobar cobertura vodafone,20,0.6,2.57,1.17
comprobar fibra,67,0.56,2.36,0.99
comprobar fibra masmovil,34,0.64,1.19,1.15
comprobar fibra movistar,21,0.41,3.56,1.25
comprobar fibra optica,99,0.48,2.22,0.91
comprobar fibra optica en mi zona,55,0.49,2.09,1.76
comprobar fibra orange,28,0.7,9.54,2.13
comprobar fibra vodafone,23,0.72,2.57,1.4
comprobar internet en casa,18,0.07,1.01,0.6
comprobar internet en mi zona,28,0.41,1.82,0.61
comprobar numero de telefono,15,0.08,0.25,0.12
comprobar numero movil,6,0.09,0.64,0.13
comprobar número teléfono,8,0.09,0.32,0.12
comprobar numero telefono movil,21,0.13,0.3,0.18
comprobar red,100,0.04,0.24,0.16
comprobar si hay fibra en mi zona,55,0.45,3.11,1.31
comprobar si llega fibra a mi casa,51,0.54,1.99,1.11
comprobar wifi,5,0.03,0.1,0.04
comprobar wifi movistar,9,1.09,2.67,1.74
comprobar wifi orange,24,0.72,5.32,1.19
comprobar wifi vodafone,11,0.96,2.58,2.83
comprovar wifi,10,0.0,0.0,0.04
conectar roaming,1,0.0,0.0,0.09
configura mi dispositivo,1,0.05,0.1,0.06
configuración del móvil,3,0.06,0.14,0.06
configuracion del telefono,3,0.05,0.12,0.06
configuracion movil,1,0.0,0.0,0.07
configuración móvil,1,0.0,0.0,0.06
configuracion telefono,3,0.05,0.12,0.06
configuraciones del teléfono,3,0.05,0.12,0.06
configurar mi telefono,1,0.04,0.08,0.06
configurar mi teléfono,1,0.04,0.08,0.06
configurar movil,3,0.06,0.14,0.07
conseguir movil gratis,80,0.56,2.54,0.89
conseguir móvil gratis,80,0.56,2.54,0.89
conseguir móvil gratis portabilidad,77,0.87,2.75,1.39
consulta cobertura fibra,54,0.73,3.18,1.16
consulta cobertura fibra movistar,26,0.57,2.38,0.83
consulta cobertura fibra vodafone,18,0.88,2.58,1.66
consulta cobertura movistar fibra,26,0.57,2.38,1.85
consulta cobertura vodafone,18,0.72,2.59,1.14
consulta numero vodafone,7,0.69,2.58,1.17
consulta operador movil,3,0.54,3.96,0.74
consulta operador móvil,3,0.54,3.97,0.74
consulta portabilidad fijo,0,0.0,0.0,3.09
consulta portabilidad movil,0,0.0,0.0,3.15
consulta vodafone,22,0.69,2.59,1.24
consultar cobertura fibra,54,0.73,3.18,1.16
consultar cobertura fibra vodafone,18,0.88,2.57,1.66
consultar cobertura movistar fibra,26,0.57,2.37,1.85
consultar cobertura vodafone,18,0.71,2.57,1.14
consultar datos másmóvil prepago,22,0.3,1.25,0.74
consultar datos orange contrato,21,0.48,0.67,0.67
consultar datos vodafone,19,0.4,2.0,0.92
consultar datos vodafone sms,1,0.85,0.99,1.13
consultar fibra,53,0.76,3.24,1.74
consultar fibra en mi zona,63,0.54,2.86,1.0
consultar megas en orange,15,0.41,3.0,0.83
consultar megas másmóvil,15,0.64,1.44,0.76
consultar megas orange prepago,5,0.0,0.0,0.73
consultar numero vodafone,7,0.69,2.58,1.17
consultar operador movil,3,0.54,3.97,0.74
consultar permanencia másmóvil,25,0.64,1.18,0.64
consultar permanencia orange,25,0.76,2.18,1.03
contacto telefonica,18,1.48,1.97,0.06
contacto vodafone clientes,9,2.56,2.58,2.83
contrata fibra,55,1.5,5.95,2.99
contrata internet,61,1.69,6.15,3.76
contrata netflix,5,0.37,1.99,0.92
contrata telefono,15,0.0,0.0,1.95
contratacion fibra,55,1.5,5.95,2.99
contratacion internet,58,1.75,6.34,3.76
contratar 3 líneas de móvil,70,1.48,3.65,2.9
contratar adsl,57,1.3,4.38,1.8
contratar adsl movistar,40,0.44,1.79,1.07
contratar datos ilimitados,55,0.79,2.66,1.71
contratar esim,84,0.59,1.92,1.09
contratar esim online,99,0.76,2.75,1.4
contratar esim orange,36,0.52,1.3,0.77
contratar fibra,63,1.63,5.65,2.64
contratar fibra barata,62,1.41,4.53,2.24
comparador fibra movil tv,59,0.69,2.85,1.19
comparador fibra movil y tv,59,0.69,2.86,1.2
comparador fibra tv y movil,53,0.67,2.32,1.0
comparador fibra y 2 lineas moviles,70,0.83,2.54,1.18
comparador fibra y movil,58,0.74,3.03,1.3
comparador fibra y móvil,58,0.75,3.05,1.3
comparador fibra y movil y tv,58,0.61,2.68,1.09
comparador fibra y móvil y tv,58,0.6,2.67,1.09
comparador internet fibra y movil,64,0.86,3.47,1.79
comparador movil y fibra,54,0.75,3.01,1.38
comparador ofertas fibra y movil,56,0.75,2.96,1.26
comparador tarifa fibra,53,0.66,2.89,1.15
comparador tarifas fibra movil,57,0.73,2.99,1.25
comparador tarifas fibra movil y tv,57,0.63,2.67,1.17
comparador tarifas fibra y movil,57,0.73,2.97,1.25
comparador tarifas internet y movil,51,0.77,3.02,1.26
comparador tarifas movil fibra,60,0.69,2.58,1.34
comparador tarifas movil fibra y tv,53,0.61,2.87,1.12
comparador tarifas movil y fibra,58,0.64,2.57,1.2
comparador tarifas móvil y fibra,58,0.64,2.57,1.2
comparador tarifas moviles y fibra,58,0.64,2.57,1.2
comparador telefonia movil y fibra,64,1.06,4.45,1.51
comparativa de fibra,54,0.7,3.32,1.38
comparativa de tarifas fibra y movil,57,0.67,2.98,1.41
comparativa fibra,55,0.68,2.81,1.18
comparativa fibra 2023,71,0.0,0.0,0.84
comparativa fibra internet,66,0.59,2.05,1.39
comparativa fibra movil,58,0.68,2.68,1.3
comparativa fibra movil y tv,59,0.69,2.86,1.19
comparativa fibra y movil,60,0.68,2.69,1.14
comparativa fibra y movil 2023,36,0.0,0.0,0.82
comparativa operadores fibra y movil,56,0.6,2.71,1.15
comparativa tarifas internet y movil,53,0.64,3.45,1.26
comparativa tarifas moviles datos ilimitados,55,0.54,2.54,1.03
compra moviles,100,0.18,1.58,0.6
comprar datos,79,0.3,1.26,0.59
comprar datos moviles,100,0.5,1.9,0.84
comprar datos móviles,100,0.5,1.9,0.84
comprar esim online españa,100,0.55,1.61,0.85
comprar gigas,38,0.49,1.91,0.73
comprar megas,18,0.54,2.08,0.99
comprar mobil,100,0.28,1.66,0.45
comprar movil,100,0.18,1.58,0.6
comprar móvil,100,0.18,1.58,0.6
comprar movil a plazos libre,100,0.9,3.64,1.01
comprar movil cerca de mi,92,0.0,0.0,0.68
comprar movil nuevo,100,0.17,0.82,0.46
comprar movil prepago,99,0.29,0.94,0.39
comprar moviles a plazos,100,0.59,2.68,0.86
comprar moviles baratos libres,100,0.19,1.21,0.56
comprar moviles financiados,100,0.86,2.98,1.34
comprar moviles financiados online,97,0.98,3.13,1.58
comprar numero telefono,60,0.41,2.71,0.82
comprar numeros de telefono,52,0.45,2.05,0.66
comprar ps5 canarias,100,0.2,0.41,0.35
comprar recarga digi,100,0.21,0.48,0.32
comprar saldo digi,79,0.09,0.29,0.23
comprar tarjeta netflix españa,98,0.07,0.28,0.15
comprar tarjeta prepago movil,99,0.42,1.43,0.66
comprar tarjeta sim,100,0.35,1.5,0.78
comprar tarjeta sim con numero nuevo,100,0.46,1.34,0.65
comprar tarjeta sim con número nuevo,100,0.46,1.34,0.65
comprar tarjeta sim prepago españa,100,0.38,1.23,0.66
comprar telefono,100,0.25,1.9,0.76
comprar teléfono,100,0.25,1.9,0.47
comprar telefono fijo movistar,98,0.17,1.88,0.59
comprar teléfono fijo movistar,98,0.17,1.88,0.59
comprar telefono movil,100,0.2,2.3,0.73
comprar teléfono movil,100,0.2,2.3,0.73
comprar teléfono móvil,100,0.2,2.3,0.73
comprar telefono movil a plazos,100,0.76,3.16,1.31
comprar tlf,100,0.25,1.9,0.76
comprar un movil,100,0.18,1.58,0.6
comprar un móvil,100,0.18,1.58,0.6
comprar un movil a plazos,100,0.73,2.68,1.24
comprar un teléfono móvil,100,0.2,2.3,0.47
comprobador de fibra,98,0.39,1.16,0.56
comprobador internet,6,0.03,0.08,0.04
comprobador wifi,5,0.03,0.1,0.04
comprobar adsl,10,0.04,0.72,0.31
comprobar cobertura,36,0.52,1.88,0.63
comprobar cobertura 5g,24,0.39,2.03,0.64
comprobar cobertura adsl,28,0.6,3.44,1.73
comprobar cobertura adsl por código postal,39,0.44,2.2,0.93
comprobar cobertura de fibra,55,0.66,3.6,1.14
comprobar cobertura de fibra movistar,24,0.39,3.98,0.69
comprobar cobertura fibra,53,0.57,2.75,0.98
comprobar cobertura fibra movistar,19,0.54,3.2,1.51
comprobar cobertura fibra movistar por direccion,19,0.47,2.32,2.75
comprobar cobertura fibra movistar por dirección,19,0.47,2.32,2.75
comprobar cobertura fibra optica,54,0.65,3.03,1.5
comprobar cobertura fibra orange,35,0.7,6.03,1.26
comprobar cobertura fibra por código postal,44,0.42,1.56,0.61
comprobar cobertura fibra por código postal movistar,15,0.31,1.09,0.51
comprobar cobertura fibra por dirección,42,0.47,2.09,0.75
comprobar cobertura fibra vodafone,22,0.84,2.58,1.6
comprobar cobertura internet,38,0.7,3.33,1.19
compañias de telefonia movil que regalan moviles,59,1.5,4.98,2.54
compañías de telefonía móvil que regalan móviles,59,1.49,4.96,2.57
compañias de telefonia movil y fibra,60,1.15,3.42,3.78
compañias de telefonia sin permanencia,63,1.74,4.85,2.15
compañias de telefono,62,1.36,5.4,2.76
compañias de teléfono,62,1.36,5.4,2.76
compañías de telefono,44,1.92,6.7,2.97
compañías de teléfono,62,1.36,5.4,2.76
compañías de teléfono baratas,62,1.97,6.52,3.21
compañias de telefono con gigas ilimitados,63,0.92,3.39,1.73
compañias de telefono con television,60,1.12,5.07,2.05
compañias de telefono con terminales,75,1.76,6.15,4.08
compañias de telefono con tv,60,1.12,5.07,2.05
compañías de teléfono con tv,60,1.12,5.07,2.31
compañias de telefono en españa,60,1.14,4.5,2.19
compañias de telefono españa,60,1.32,4.75,2.98
compañías de teléfono españa,60,1.32,4.75,2.39
compañías de teléfono más baratas,62,1.97,6.5,2.05
compañias de telefono movil,62,1.42,5.51,2.4
compañías de teléfono móvil,62,1.42,5.51,2.4
compañias de telefono movil baratas,37,2.0,7.04,2.96
compañías de teléfono móvil baratas,37,2.0,7.04,2.96
compañias de telefono que financian moviles,61,1.46,4.68,2.12
compañias de telefono que regalan moviles,65,1.24,4.09,2.12
compañías de teléfonos,61,1.98,6.84,2.76
compañias de telefonos moviles,63,1.65,5.99,3.94
compañías de teléfonos móviles,63,1.65,5.99,2.4
compañias de tlf baratas,62,1.97,6.49,3.67
compañias de wifi,59,2.15,7.37,4.45
compañias de wifi baratas,60,1.97,6.64,2.65
compañias esim,82,0.58,2.66,1.25
compañias fibra,63,1.19,4.11,2.12
compañias fibra low cost,60,1.1,2.77,1.6
compañias fibra optica,57,1.78,5.24,4.36
compañias fibra y movil,62,1.25,4.24,2.02
compañias internet,60,1.5,5.8,2.36
compañías internet,60,1.5,5.8,3.15
compañias internet baratas,63,1.4,6.14,2.24
compañias internet españa,57,1.09,3.94,1.84
compañias internet mas baratas,70,1.3,4.48,1.62
compañias mas baratas de movil,63,1.18,3.67,1.85
compañias movil,61,1.6,5.62,2.63
compañías movil,61,1.6,5.62,2.63
compañias movil españa,61,1.09,4.1,2.39
compañías móvil que usan red movistar,13,0.49,1.17,0.39
compañias moviles,61,1.6,5.62,2.63
compañías móviles,61,1.6,5.62,2.63
compañias moviles baratas,63,1.33,4.45,2.32
compañías móviles baratas,63,1.34,4.47,2.0
compañias moviles españa,61,1.09,4.1,2.39
compañias moviles mas baratas,70,1.16,3.87,2.26
compañias moviles ofertas,77,1.29,3.4,1.93
compañias movistar,17,0.36,1.62,0.59
compañias nuevas de internet,67,2.18,8.03,4.59
compañias prepago,92,0.82,3.46,0.86
compañias que dan moviles,68,1.06,3.05,2.59
compañias que financian moviles,63,0.7,3.36,1.39
compañias que regalan moviles,58,0.76,3.11,1.24
compañías que regalan móviles,58,0.76,3.11,1.1
compañias que te regalan moviles,52,0.65,2.94,1.47
compañías que usan fibra movistar,13,0.39,0.99,0.53
compañias sin permanencia,59,2.11,5.57,3.55
compañias telefonia movil,55,1.39,3.94,2.18
compañias telefonia movil baratas,62,1.88,4.22,1.68
compañias telefonica,59,1.87,5.44,2.67
compañias telefónicas,60,1.58,6.31,2.98
compañías telefónicas,60,1.58,6.31,2.67
compañias telefonicas barcelona,54,1.52,3.67,1.55
compañias telefonicas con tv,61,0.88,3.32,1.71
compañias telefonicas españa,55,1.11,4.19,1.91
compañías telefónicas españa,55,1.1,4.17,2.21
compañias telefonicas madrid,48,0.62,3.16,1.92
compañias telefonicas moviles,51,1.62,4.29,2.18
compañias telefonicas ofertas,65,1.39,4.02,2.13
compañias telefonicas que regalan moviles,61,0.93,3.96,1.7
compañias telefonicas sin permanencia,68,1.17,3.1,2.63
compañias telefono,61,1.64,5.09,2.72
compañías teléfono,61,1.64,5.09,2.98
compañias telefono baratas,64,1.76,4.78,2.22
compañias telefono españa,59,1.12,3.85,2.21
compañias telefono sin permanencia,57,0.0,0.0,2.63
compañias telefonos moviles,55,1.39,3.94,2.24
compañias wifi,61,1.24,6.05,3.84
compañias wifi baratas,60,1.8,7.8,2.84
comparacion fibra y movil,58,0.74,3.03,1.3
comparacion tarifas fibra y movil,57,0.73,2.99,1.34
comparador de fibra movil y tv,63,0.85,3.39,1.5
comparador de fibra y movil,60,0.81,3.26,1.41
comparador de fibra y móvil,60,0.81,3.26,1.41
comparador de lineas moviles,54,0.95,4.13,1.63
comparador de ofertas de fibra y movil,65,0.73,2.07,1.73
comparador de ofertas fibra y movil,58,0.54,2.03,1.39
comparador de precios fibra y movil,58,0.72,2.68,1.2
comparador de tarifas moviles,54,0.77,3.53,1.4
comparador fibra movil,58,0.74,3.03,1.3
compañía de teléfono móvil,63,1.65,5.99,2.36
compañia de telefono que regala movil,77,1.08,3.1,1.49
compañia de telefonos mas barata,64,1.43,5.12,2.11
compañía de teléfonos móviles,63,1.65,5.99,3.94
compañia de wifi,61,3.34,10.96,4.03
compañia de wifi mas barata,66,1.72,7.45,2.26
compañia fibra,59,1.26,6.08,2.56
compañia fibra mas barata,64,1.05,3.48,1.89
compañia fibra y movil,63,1.7,5.85,2.15
compañia fibra y movil mas barata,65,0.83,3.27,1.39
compañia internet,60,1.5,5.8,2.36
compañia internet barata,54,0.81,4.03,1.85
compañia internet mas barata,64,1.12,3.79,1.78
compañia mas barata de internet,59,0.88,4.45,1.77
compañia mas barata de movil,63,1.18,3.67,1.64
compañia mas barata fibra,64,1.05,3.46,1.89
compañia mas barata fibra y movil,57,0.93,2.68,1.45
compañia mas barata movil,61,1.38,4.01,1.9
compañia movil,58,1.72,5.68,2.84
compañía movil,58,1.72,5.68,3.07
compañía móvil,58,1.72,5.68,2.84
compañia movil barata,68,1.42,4.72,2.32
compañia movil datos ilimitados,61,0.93,3.14,1.3
compañia movil mas barata,64,1.07,3.72,1.72
compañia moviles baratas,68,1.42,4.7,2.32
compañia que regala movil,66,0.61,2.76,1.1
compañia que regale movil,66,0.6,2.75,1.1
compañia regala movil,65,0.77,2.89,1.53
compañia telefonia,48,1.46,4.87,2.98
compañia telefonia mas barata,62,1.03,3.36,1.93
compañia telefonica,48,1.46,4.87,2.98
compañia telefónica,48,1.46,4.87,2.98
compañía telefonica,54,1.49,4.69,3.36
compañía telefónica,48,1.46,4.87,2.98
compañia telefonica barata,60,1.22,4.28,1.97
compañia telefonica mas barata,61,1.05,3.79,1.77
compañia telefonicas,54,1.49,4.71,2.78
compañia telefono,59,1.87,5.44,2.67
compañia telefono barata,63,1.6,4.31,2.22
compañia telefono mas barata,62,1.03,3.36,1.97
compañia telefono movil,55,1.39,3.94,0.59
compañia telefonos,59,1.93,4.31,2.24
compañia tu movil,23,1.18,2.88,1.44
compañia wifi,61,1.63,4.6,2.98
compañia wifi mas barata,69,1.31,6.8,2.19
compañias 5g,58,1.13,4.26,1.94
compañias adsl,51,1.47,6.62,2.33
compañias baratas de movil,69,1.71,4.63,1.85
compañias baratas movil,63,1.18,4.05,2.0
compañias con datos ilimitados,59,0.66,2.53,1.26
compañias con esim españa,56,0.52,1.78,0.9
compañias con gigas ilimitados,60,0.65,2.68,1.28
compañias con moviles a plazos,74,0.86,3.6,1.61
compañias con multisim,45,0.69,2.64,1.3
compañias datos ilimitados,59,0.94,3.2,1.23
compañias de fibra,63,1.46,6.58,2.78
compañías de fibra,63,1.45,6.56,2.96
compañias de fibra baratas,66,1.32,5.51,3.33
compañias de fibra y movil,62,1.72,6.48,2.76
compañías de fibra y móvil,62,1.72,6.48,3.6
compañias de internet,61,1.59,8.07,3.06
compañías de internet,61,1.58,8.04,3.06
compañias de internet baratas,64,1.63,6.47,3.26
compañías de internet baratas,64,1.88,7.97,3.26
compañias de internet en casa,59,2.16,11.02,5.52
compañías de internet en casa,59,2.16,11.02,5.52
compañias de internet españa,58,1.62,5.86,2.46
compañias de internet madrid,63,2.51,10.62,4.02
compañias de internet movil,58,1.58,7.29,3.16
compañías de internet nuevas,60,1.97,6.52,4.02
compañias de internet y movil,58,1.58,7.29,3.06
compañías de internet y móvil,58,1.58,7.29,3.06
compañias de movil,62,2.12,6.68,3.04
compañías de movil,62,2.12,6.68,3.26
compañías de móvil,62,2.11,6.65,3.26
compañias de movil baratas,67,1.01,3.66,1.59
compañías de móvil baratas,67,1.01,3.66,1.59
compañias de movil españa,55,1.06,4.72,1.95
compañias de movil y fibra,64,2.09,6.04,2.76
compañias de moviles,61,1.53,5.87,3.04
compañías de móviles,62,2.12,6.68,3.26
compañias de moviles baratas sin permanencia,49,0.93,6.25,2.18
compañias de moviles con terminales,78,1.6,4.41,3.15
compañias de moviles en españa,55,1.07,4.73,2.17
compañias de moviles españa,55,1.07,4.73,2.17
compañias de moviles mas baratas en españa,55,0.52,2.52,1.7
compañías de telefonía,57,1.5,6.33,2.76
compañias de telefonia baratas,62,1.22,5.14,3.21
compañias de telefonía baratas y buenas,63,0.93,4.04,1.72
compañías de telefonía baratas y buenas,63,0.93,4.04,1.72
compañias de telefonia movil,62,1.42,5.51,2.4
compañías de telefonía móvil,62,1.42,5.51,2.4
compañias de telefonia movil baratas,63,1.31,4.3,2.04
como saber mi número orange,3,0.4,0.75,0.6
como saber mi numero vodafone,1,2.55,2.57,2.82
como saber mi número vodafone,1,2.56,2.58,2.82
como saber mi numero vodafone prepago,0,0.0,0.0,2.25
como saber que compañia tiene mejor cobertura en mi zona,23,0.48,1.04,0.69
como saber que operador tiene mejor cobertura en mi zona,27,0.35,1.06,0.52
como saber que tarifa de movil tengo,5,0.0,0.0,0.73
como saber si hay fibra en mi zona,45,0.47,2.23,0.84
como saber si hay fibra optica en mi zona,38,0.51,1.82,0.81
como saber si llega la fibra a mi casa,44,0.46,2.02,0.98
como saber si me llega la fibra,35,0.44,2.16,0.81
como saber si mi movil tiene esim,4,0.16,0.57,0.3
como saber si tengo cobertura de fibra,44,0.52,1.98,0.73
como saber si tengo fibra en casa,49,0.63,2.39,0.95
como saber si tengo fibra o adsl,14,0.47,1.6,0.84
como saber si tengo fibra optica,33,0.58,1.98,0.94
como saber si tengo permanencia en orange,24,0.76,1.74,1.0
como saber si tengo roaming orange,18,0.45,0.55,0.56
como se activa el roaming,0,0.0,0.0,0.09
como se si tengo fibra optica,33,0.58,1.98,0.8
como tener datos en andorra,19,0.67,6.87,1.25
como tener datos en londres,18,0.32,1.2,0.43
como tener datos en otro pais,10,0.24,0.95,0.4
como tener datos en suiza,25,0.77,3.27,1.59
como tener datos móviles ilimitados gratis españa,19,0.52,2.56,0.78
como tener internet en eeuu,43,0.25,1.69,0.53
como tener internet en el extranjero,23,0.21,0.81,0.47
como tener internet en europa,22,0.32,1.42,0.8
como tener internet en londres,10,0.2,1.11,0.36
como tener internet en portugal,7,0.0,0.0,0.48
como tener mas cobertura en casa,100,0.07,0.8,0.23
como tener más cobertura en el móvil,97,0.3,0.67,0.4
como tener mas cobertura en mi movil,99,0.07,0.61,0.28
como ver cuantos dispositivos estan conectados a mi wifi,1,0.0,0.0,0.12
como ver dispositivos conectados a mi wifi,1,0.01,0.1,0.04
como ver futbol gratis en mi celular,7,0.02,0.76,0.09
como ver marca tv gratis,1,0.0,0.0,0.1
como ver movistar en dos televisores,1,0.0,0.0,1.22
compania de internet barato,42,2.08,6.27,4.75
compania de telefonia,57,1.69,6.8,2.55
compania de telefonia movil españa,56,0.92,3.85,1.92
compania de telefono,61,1.98,6.84,2.76
compania internet,58,1.36,4.73,2.36
compania movil,58,1.72,5.68,2.84
compania telefonica,54,1.49,4.71,2.98
compania telefonica espana,52,0.72,4.16,1.41
compania telefono,59,1.87,5.44,2.67
companias de internet,61,1.59,8.07,3.06
companias de internet baratas,64,1.63,6.47,3.26
companias de movil,62,2.12,6.68,3.04
companias de moviles,61,1.53,5.87,3.04
companias de telefonia movil,71,2.18,3.96,2.4
companias de telefono en espana,60,1.32,4.75,2.98
companias internet,60,2.74,7.34,2.36
companias movil,61,1.6,5.62,2.84
companias moviles,61,1.59,5.6,2.63
companias telefonicas espana,52,0.72,4.16,1.79
compañia barata de movistar,20,0.33,0.96,0.55
compañia con datos ilimitados,70,0.54,2.52,1.17
compañia datos ilimitados,63,0.63,3.06,1.09
compañia de fibra,59,2.0,6.17,2.95
compañia de fibra mas barata,66,1.35,5.05,2.03
compañía de fibra óptica nuevas,56,0.72,3.67,3.05
compañia de fibra y movil mas barata,67,1.59,4.02,2.59
compañia de internet,60,2.11,10.74,3.73
compañía de internet,60,2.1,10.7,3.73
compañía de internet baratas,65,2.78,10.7,2.07
compañia de internet mas barata,61,1.38,5.35,2.45
compañia de movil,61,2.19,6.91,3.04
compañía de móvil,61,2.19,6.91,3.26
compañia de movil mas barata,63,1.5,4.5,2.05
compañia de movil y fibra mas barata,66,0.83,2.84,2.44
compañia de moviles,61,2.18,6.89,3.04
compañía de móviles,61,2.19,6.91,3.04
compañia de moviles baratas,72,1.73,5.31,3.1
compañia de telefonia movil,59,1.17,4.95,2.85
compañía de telefonía móvil,59,1.17,4.95,2.36
compañia de telefono,61,1.98,6.84,2.76
compañía de teléfono,61,1.98,6.84,2.76
compañia de telefono barata,57,2.16,5.6,3.29
compañía de teléfono baratas,64,2.15,7.78,2.11
compañia de telefono españa,62,1.45,5.91,2.64
compañia de telefono mas barata,64,1.43,5.12,2.05
compañía de teléfono más barata,64,1.43,5.12,2.11
cobertura 4g movistar,14,1.47,2.57,2.3
cobertura 5g,16,0.42,1.75,0.77
cobertura 5g asturias,16,0.33,1.88,0.77
cobertura 5g mapa,7,0.28,0.55,0.42
cobertura 5g movistar,11,1.09,2.57,2.61
cobertura adsl,37,0.55,2.68,1.5
cobertura adsl movistar,15,0.67,4.75,1.72
cobertura de fibra,56,0.7,2.77,1.12
cobertura de fibra de movistar,23,0.45,2.31,1.89
cobertura de fibra en mi zona,40,0.88,2.5,1.52
cobertura de internet en mi zona,44,0.46,1.73,0.99
cobertura de mas movil,29,0.64,1.95,0.83
cobertura de movil,20,0.43,1.84,0.83
cobertura del movil,13,0.42,1.55,0.75
cobertura en mi zona,23,0.52,1.49,0.85
cobertura fibra,55,0.59,2.76,0.97
cobertura fibra 02,5,0.98,2.48,0.76
cobertura fibra en mi zona,61,0.61,2.66,1.28
cobertura fibra movistar mapa,5,0.31,0.66,0.37
cobertura fibra movistar por direccion,27,0.38,2.32,2.74
cobertura fibra optica,46,0.63,2.42,1.05
cobertura fibra óptica,46,0.63,2.42,1.05
cobertura fibra optica mapa,28,0.43,1.84,0.89
cobertura fibra optica movistar,21,0.58,2.17,0.91
cobertura fibra r,25,0.59,2.51,1.31
cobertura fibra telefonica,37,1.09,3.2,1.98
cobertura fibra valencia,27,0.62,1.87,0.75
cobertura internet,46,0.64,2.5,1.24
cobertura internet en mi zona,46,0.47,2.02,1.01
cobertura mas movil,26,0.64,1.89,0.87
cobertura másmóvil de quien es,13,0.49,2.15,0.62
cobertura movil,13,0.42,1.55,0.75
cobertura móvil,13,0.42,1.55,0.75
cobertura movil españa,6,0.36,1.52,0.72
cobertura movil mas movil,9,0.64,1.47,0.98
cobertura moviles,13,0.42,1.55,0.77
cobertura movistar fibra,21,0.46,2.16,0.87
cobertura movistar fibra optica,21,0.58,2.17,2.12
cobertura movistar movil,5,0.69,1.49,0.7
cobertura orange en mi zona,31,0.54,2.41,1.66
cobertura r fibra,26,0.59,2.69,0.67
cobertura r movil,10,0.44,4.04,0.76
cobertura telefonia movil,26,0.45,1.53,0.76
cobertura telefonica,23,0.71,1.98,1.05
cobertura vodafone fibra,22,0.71,2.57,2.78
coberturas fibra,55,0.59,2.76,0.97
coberturas fibra optica,46,0.63,2.42,1.26
coberturas moviles,13,0.42,1.55,0.45
coberture,1,0.0,0.0,0.61
coberturs,1,0.0,0.0,0.61
cobrrtura,1,0.0,0.0,0.61
cobrtura,1,0.0,0.0,1.04
codigo para activar internet vodafone,10,2.56,2.58,1.18
como activar el roaming,0,0.0,0.0,0.09
cómo activar el roaming,0,0.0,0.0,0.09
como activar el roaming en android,0,0.0,0.0,0.08
como activar internet vodafone,18,0.4,2.59,1.6
como activar megas en orange,20,0.53,0.74,0.63
como activar roaming,0,0.08,1.24,0.12
cómo activar roaming,0,0.08,1.24,0.12
como conectar el roaming,0,0.0,0.0,0.09
como conectar roaming,0,0.0,0.0,0.08
como conseguir movil gratis,30,0.22,0.87,0.43
como conseguir moviles gratis,30,0.22,0.87,0.56
como conseguir un movil gratis,30,0.22,0.86,0.56
como contratar internet,51,0.75,4.51,2.27
como funciona el roaming,1,0.0,0.0,0.08
como funciona roaming,1,0.0,0.0,0.09
como funcionan las tarjetas prepago movil,7,0.21,0.97,0.51
como hacer una portabilidad,43,0.72,2.19,1.91
cómo hacer una portabilidad,43,0.72,2.19,1.62
como llamar a orange desde otro operador,20,0.33,0.44,0.36
como llamar a suiza desde españa gratis,2,0.0,0.0,0.47
como llamar a vodafone desde otro operador,12,0.7,2.59,2.82
como llamar a vodafone sin ser cliente,8,2.56,2.59,2.82
como poner internet en casa,63,0.55,4.28,1.39
como saber compañia de un numero,5,0.14,0.47,0.22
como saber cuantos dispositivos estan conectados a mi wifi,2,0.01,0.14,0.04
como saber cuantos dispositivos hay conectados a mi wifi,4,0.03,0.1,0.05
como saber cuantos gigas tengo vodafone,11,1.0,2.58,0.93
como saber el puk de mi movil,0,0.0,0.0,0.01
como saber la cobertura de internet en mi zona,30,0.39,1.13,0.61
como saber los dispositivos conectados a mi wifi,3,0.01,0.1,0.05
como saber mi numero de orange,10,0.51,1.02,0.55
como saber mi número de orange,10,0.51,1.02,0.55
cómo saber mi número de orange,10,0.51,1.02,0.58
como saber mi numero de telefono masmovil,27,0.49,2.85,0.92
como saber mi numero de telefono orange,12,0.5,0.92,0.57
como saber mi número de teléfono vodafone,8,2.57,2.59,2.82
como saber mi número másmóvil españa,1,0.0,0.0,0.61
como saber mi numero orange,3,0.4,0.75,0.6
buscador fibra,54,0.68,2.45,1.61
buscador fibra y movil,61,0.83,3.08,1.17
buscador tarifas fibra y movil,55,0.99,3.05,1.24
buscar número de teléfono españa,14,0.09,0.23,0.16
buscar numero de telefono fijo,6,0.11,0.35,0.19
buscar un numero de telefono fijo,6,0.11,0.35,0.19
cambiar de compañia a movistar,36,0.59,1.88,1.06
cambiar de compañia de movil,62,1.86,5.37,2.55
cambiar de compañia de movil con el mismo numero,55,1.35,3.95,2.37
cambiar de compañía de móvil con el mismo número,55,1.35,3.95,2.03
cambiar de compañia movil,62,1.86,5.37,2.55
cambiar de compañia movil ofertas,62,1.05,3.96,2.2
cambiar de compañía móvil ofertas,62,1.05,3.96,1.89
cambiar de operador movil,58,1.68,4.32,2.11
cambiar de tarifa orange,30,0.59,10.56,0.95
cambiar de titular orange,7,0.52,1.45,0.71
cambiar internet de domicilio movistar,10,1.29,2.32,3.53
cambiar movil vodafone,31,0.69,3.76,1.05
cambiar operador movil,59,1.94,4.06,2.61
cambiar tarifa masmovil,31,0.34,2.26,1.07
cambiar tarifa movil,54,1.42,3.79,1.96
cambiar tarifa orange prepago,13,1.3,20.99,2.92
cambiar tarifa prepago movistar,4,0.99,4.92,1.78
cambiar tarifa prepago vodafone,0,0.0,0.0,0.5
cambiar tarifa vodafone online,35,0.4,2.57,0.91
cambiar tarifa vodafone prepago,0,0.0,0.0,0.79
cambiar tarjeta sim portabilidad,8,0.31,1.28,1.2
cambiar titular linea movil,2,0.0,0.0,1.62
cambiarme de compañia movil,62,1.86,5.37,2.55
cambio compañia movil,64,1.67,5.06,3.02
cambio de compañia,50,1.94,6.0,2.73
cambio de compañia telefonica,60,1.09,4.35,1.89
cambio de domicilio digi,9,0.18,0.67,0.4
cambio de portabilidad,50,1.47,3.37,2.4
cambio de titular digi,6,0.32,1.03,0.5
cambio de titular orange,7,0.52,1.46,0.83
cambio de titular yoigo,10,2.67,2.69,2.94
cambio de titularidad jazztel,24,0.8,2.63,1.15
cambio de titularidad orange,6,0.52,1.41,0.79
cambio domicilio digi,9,0.25,0.8,0.4
cambio domicilio vodafone,9,1.37,4.66,3.83
cambio titular orange,3,0.52,1.71,0.83
cambio titular vodafone,4,0.99,2.59,2.34
cambio titularidad digi,4,0.39,0.9,0.69
canal cliente orange,17,0.45,5.22,0.69
canales masmovil,16,0.21,0.72,0.52
canarias telecom,1,0.0,0.0,0.41
casa movil sevilla,65,0.14,0.32,0.19
casa movil tienda,40,0.0,0.0,0.16
casa móvil tienda,40,0.0,0.0,0.14
casa movil valencia,85,0.07,0.18,0.12
catalogo de moviles,80,0.21,0.71,0.23
catalogo de moviles masmovil,80,0.2,0.64,0.29
catálogo de móviles movistar y precios,94,0.16,1.38,0.25
catalogo de moviles orange,92,0.51,9.8,2.73
catalogo masmovil,17,0.61,0.64,0.7
catalogo moviles,82,0.19,0.65,0.36
catalogo moviles masmovil,36,0.35,0.64,0.44
catalogo moviles movistar,79,0.15,0.88,0.29
catalogo moviles movistar empresas,19,0.26,2.49,18.13
celulares en españa,100,0.28,1.41,0.35
celulares españa,100,0.28,1.41,0.35
chat apple españa,2,0.39,1.15,0.57
chat television gratis,5,0.1,0.52,0.21
chat xiaomi españa,8,0.06,0.15,0.18
cia telefono,59,1.87,5.44,2.67
cliente telefonico,0,0.0,0.0,0.92
cliente vodafone numero,5,2.57,2.59,2.82
clientes telefonica,12,1.49,1.98,1.85
clientes vodafone telefono,8,2.56,2.59,2.74
coberrura,1,0.0,0.0,0.61
cobertira,1,0.0,0.0,0.61
cobertua,1,0.0,0.0,0.61
cobertura,0,0.47,1.94,0.61
cobertura 4g,8,0.27,1.28,0.62
adsl y movil barato,60,0.98,2.68,1.7
adsl y móvil barato,60,0.98,2.68,1.7
adsl y movil ofertas,50,1.01,2.93,1.5
adsl y movil tarifas,52,0.76,2.97,1.17
ajustes del movil,1,0.07,0.4,0.11
albacete fibra,8,0.45,1.47,0.81
alta fibra movistar,37,0.57,3.19,0.98
alta nueva con movil gratis,64,1.14,3.62,1.97
alta nueva con móvil gratis,64,1.14,3.62,1.76
alta nueva con móvil gratis movistar,45,0.37,1.79,0.61
alta nueva con móvil gratis vodafone,43,0.49,1.9,0.75
alta nueva con terminal,84,1.18,3.59,2.06
alta nueva con terminal gratis,63,1.42,4.26,1.88
alta nueva movil gratis,64,1.14,3.62,1.76
alta nueva orange con terminal,48,0.76,8.33,2.69
amplificar wifi en casa,100,0.06,0.28,0.16
andorra datos moviles,14,1.37,5.11,1.11
andorra internet movil,27,0.93,3.52,1.07
andorra roaming,10,1.3,5.01,1.43
android roaming,0,0.0,0.0,0.09
añadir dispositivo adicional movistar,13,0.32,0.68,0.41
añadir linea movil movistar,24,0.51,1.51,0.52
aplicacion mas movil,15,0.64,1.69,0.98
apn ios,4,0.67,3.94,1.79
apn iphone,1,0.07,0.26,0.3
app tarjeta prepago correos,3,0.65,4.4,2.2
area cliente mas movil,0,0.34,3.15,0.59
area cliente moviestar,0,1.4,1.98,0.48
area cliente movistar,0,1.4,1.98,1.3
area clientes mas movil,0,0.34,3.15,0.59
area clientes movistar,0,1.39,1.97,1.3
área de clientes movistar,1,1.48,1.98,0.79
as movil,0,1.21,4.0,2.62
as móvil,0,1.21,4.0,2.62
at al cliente vodafone,7,2.57,2.59,2.82
atención al cliente de vodafone gratuito,8,2.56,2.58,3.11
atención al cliente de vodafone número,6,2.57,2.59,2.82
atención al cliente de vodafone número de teléfono,11,2.55,2.58,2.81
atención al cliente fi network,1,0.0,0.0,1.14
atencion al cliente gratis vodafone,5,2.24,2.58,2.18
atencion al cliente gratuito vodafone,9,2.57,2.59,2.83
atención al cliente más movil,18,0.35,0.35,0.37
atención al cliente más móvil,22,0.34,0.35,0.37
atencion al cliente másmóvil desde otro operador,12,0.35,0.39,0.4
atención al cliente másmóvil teléfono,19,0.35,0.35,0.37
atencion al cliente movistar desde otro operador,23,1.48,1.98,1.44
atencion al cliente orange desde otra compañia,20,0.47,0.72,0.64
atencion al cliente orange desde otro operador,28,0.42,0.72,0.62
atención al cliente orange desde otro operador,28,0.42,0.72,0.62
atencion al cliente orange numero gratis,0,0.0,0.0,0.74
atencion al cliente orange otro operador,28,0.42,0.72,0.64
atencion al cliente orange telefono,26,0.28,0.72,0.51
atención al cliente playstation network,15,0.33,0.44,0.43
atencion al cliente samsung españa,6,0.34,1.16,0.71
atencion al cliente telefono vodafone,4,2.57,2.59,2.83
atencion al cliente vodafone 24 horas,0,0.0,0.0,2.81
atencion al cliente vodafone desde otra compañia,0,0.0,0.0,2.82
atencion al cliente vodafone desde otro operador,8,2.57,2.59,2.83
atención al cliente vodafone desde otro operador,8,2.56,2.58,2.83
atencion al cliente vodafone empresa,2,16.73,54.68,1.2
atencion al cliente vodafone empresas,2,16.73,54.68,1.2
atencion al cliente vodafone gratis,5,2.24,2.58,2.09
atención al cliente vodafone gratis,5,2.24,2.59,2.09
atención al cliente vodafone gratuito,9,2.57,2.59,2.83
atencion al cliente vodafone otro operador,8,2.57,2.59,2.83
atencion al cliente vodafone teléfono,4,2.56,2.59,2.81
atencion al cliente vodafone telefono desde otro operador,1,2.57,2.59,2.83
atencion al cliente vodafone telefono gratuito,2,2.56,2.59,2.82
atencion al cliente vodafone teléfono gratuito,2,2.56,2.59,2.82
atencion al cliente xiaomi chat,3,0.21,0.6,0.25
atención cliente más movil,19,0.35,0.35,0.37
atencion cliente movistar gratis,14,1.48,9.39,1.49
atencion cliente movistar telefono gratuito,18,1.48,1.98,1.43
atencion cliente orange desde otro operador,35,0.46,0.73,0.64
atencion cliente orange gratuito,30,0.23,0.82,0.49
atencion cliente vodafone desde otra compañia,0,0.0,0.0,2.82
atencion cliente vodafone desde otro operador,6,2.57,2.59,2.82
atención cliente vodafone gratis,5,2.25,2.59,2.09
atencion cliente vodafone gratuito,13,1.98,2.58,2.03
atencion cliente vodafone numero,3,2.57,2.59,2.83
atencion clientes orange empresas,27,0.41,2.4,1.47
atencion clientes r,2,0.4,0.49,0.45
atencion clientes vodafone telefono,4,2.57,2.59,2.83
att cliente digi,23,0.06,0.45,0.14
avería digi fibra,3,0.08,0.47,0.33
ayuda orange roaming,5,0.34,0.55,0.44
barato movil,78,0.34,2.21,0.23
1gb fibra,56,0.69,2.19,1.1
2 lineas datos ilimitados,57,0.76,3.84,1.07
2 lineas movil,55,0.58,2.36,1.22
2 lineas movil datos ilimitados,60,0.55,2.53,0.9
2 líneas móvil datos ilimitados,60,0.55,2.53,0.9
2 líneas móvil datos ilimitados movistar,42,0.28,1.03,0.38
2 lineas movil mas fibra,61,0.9,2.91,1.38
2 lineas movil movistar,38,0.3,1.49,0.44
2 líneas móvil movistar,38,0.3,1.49,0.43
2 lineas movil y fibra,66,0.91,3.2,1.31
2 lineas movil y fibra movistar,42,0.25,0.99,0.83
2 lineas moviles,55,0.58,2.36,1.42
2 líneas móviles ilimitadas,53,0.62,3.24,1.37
2 lineas moviles y fibra,66,0.91,3.2,1.31
3 lineas movil y fibra,63,0.79,2.36,1.26
3 líneas móviles datos ilimitados,56,0.5,2.36,0.9
3 lineas moviles y fibra,62,0.76,2.77,1.49
300 mb,20,0.58,2.08,0.77
300 mb fibra es mucho o poco,14,0.49,1.31,0.94
300 megas,20,0.59,1.86,0.72
4 lineas moviles mas fibra,65,0.96,2.64,1.54
4g casa,67,0.65,2.07,1.01
4g en casa,85,0.46,2.07,1.01
4g en casa ilimitado,68,0.33,1.98,0.71
4g velocidad,1,0.0,0.0,0.99
50 gb,10,0.85,2.09,0.53
900 es gratuito desde movil,0,0.0,0.0,2.71
900 gratis,0,2.03,5.89,3.74
900 son gratis,0,2.03,5.89,3.74
a que hora se hace la portabilidad orange,26,0.75,2.17,1.06
a quien pertenece este numero de telefono movil españa,6,0.1,0.32,0.15
activar bono vodafone prepago,0,0.0,0.0,0.93
activar el roaming,0,0.1,0.8,0.1
activar esim vodafone,4,2.57,2.59,1.35
activar internet,5,0.09,1.48,0.82
activar internet vodafone,17,0.4,2.59,3.84
activar itinerancia de datos,0,0.0,0.0,0.17
activar la itinerancia de datos,0,0.0,0.0,0.17
activar llamada en espera,0,0.22,1.08,0.5
activar roaming,0,0.1,0.8,0.12
activar roaming vodafone,8,2.57,2.59,2.82
activar rooming,0,0.1,0.8,0.1
activar running,0,0.0,0.0,0.09
activar sim orange,9,0.41,0.53,0.57
activar sim orange desde móvil,15,0.37,0.53,0.64
activar tarifa vodafone,14,2.22,2.58,1.78
activar tarifa vodafone 10 euros,18,0.4,4.28,1.08
activar tarifa vodafone prepago,0,0.0,0.0,0.94
activar tarjeta mas movil,18,0.64,1.61,1.21
activar tarjeta sim orange,13,0.37,1.31,0.48
adsl autonomos,52,0.49,3.02,2.22
adsl barata,60,0.69,2.82,1.4
adsl barato,60,0.69,2.82,1.27
adsl barato sin fijo,58,0.52,2.34,1.03
adsl barato sin permanencia,36,0.64,3.22,1.41
adsl casa,54,0.71,4.18,2.13
adsl cobertura,37,0.55,2.68,1.5
adsl el mas barato,55,0.62,2.41,1.4
adsl empresa,47,2.36,5.22,3.48
adsl empresas,47,2.36,5.23,2.65
adsl en casa,54,0.71,4.18,1.98
adsl fijo,30,0.68,2.74,0.95
adsl fijo 2 lineas movil,22,1.03,2.97,1.05
adsl fijo y movil,20,0.7,1.77,0.8
adsl internet,44,0.68,3.04,1.41
adsl mas barato,55,0.62,2.41,1.27
adsl mas movil,35,0.94,2.98,1.79
adsl movil,46,1.08,2.78,1.66
adsl movil comparativa,17,0.76,3.08,1.11
adsl movistar,29,0.38,1.97,0.78
adsl movistar empresas,3,1.01,7.08,2.01
adsl movistar precio,28,0.36,1.78,0.83
adsl oferta,48,0.83,3.21,1.41
adsl ofertas,48,0.83,3.21,1.41
adsl portatil,93,0.21,1.05,0.49
adsl precios,50,0.5,1.98,0.81
adsl sin fijo,31,0.41,1.39,1.08
adsl sin permanencia,51,1.45,3.84,1.44
adsl sin permanencia y sin fijo,47,0.95,3.12,1.33
adsl tarifa,43,0.69,3.01,1.31
adsl tarifas,43,0.69,3.0,1.31
adsl valencia,11,1.0,2.56,1.95
adsl y movil,46,1.08,2.78,1.35
